<?xml version="1.0" encoding="UTF-8"?>
<project-private xmlns="http://www.netbeans.org/ns/project-private/1">
    <editor-bookmarks xmlns="http://www.netbeans.org/ns/editor-bookmarks/2" lastBookmarkId="0"/>
    <open-files xmlns="http://www.netbeans.org/ns/projectui-open-files/2">
        <group>
            <file>file:/C:/Users/NAIDA/OneDrive/Documents/NetBeansProjects/tugasjava9/src/java/DatabaseConnection.java</file>
            <file>file:/C:/Users/NAIDA/OneDrive/Documents/NetBeansProjects/tugasjava9/web/hapus.jsp</file>
            <file>file:/C:/Users/NAIDA/OneDrive/Documents/NetBeansProjects/tugasjava9/web/edit.jsp</file>
            <file>file:/C:/Users/NAIDA/OneDrive/Documents/NetBeansProjects/tugasjava9/web/index.jsp</file>
            <file>file:/C:/Users/NAIDA/OneDrive/Documents/NetBeansProjects/tugasjava9/web/tambah.jsp</file>
        </group>
    </open-files>
</project-private>
